<?xml version="1.0" encoding="UTF-8"?>
<Configure class="org.eclipse.jetty.webapp.WebAppContext">
	<New id="podcast_db" class="org.eclipse.jetty.plus.jndi.Resource">
		<Arg>jdbc/podcast_db</Arg>
		<Arg>
			<New class="com.mysql.jdbc.jdbc2.optional.MysqlConnectionPoolDataSource">
				<Set name="Url">jdbc:mysql://localhost:3307/podcast_db?allowMultiQueries=true
				</Set>
				<Set name="User">podcast</Set>
				<Set name="Password">podcast</Set>
			</New>
		</Arg>
	</New>
  <New id="mailSessionId" class="org.eclipse.jetty.plus.jndi.Resource">
    <Arg>mail/Session</Arg>
    <Arg>
      <New class="org.eclipse.jetty.jndi.factories.MailSessionReference">
        <Set name="user">no-reply@podcastpedia.org</Set>
        <Set name="password">}LaZ}c(d*(ay</Set>
        <Set name="properties">
          <New class="java.util.Properties">
            <Put name="mail.host">podcastpedia.org</Put>
            <Put name="mail.debug">true</Put>
            <Put name="mail.transport.protocol">smtp</Put>
            <Put name="mail.smtp.port">465</Put>
            <Put name="mail.smtp.auth">true</Put>
            <Put name="mail.smtp.ssl.enable">true</Put>
            <Put name="mail.smtp.starttls.enable">true</Put>
          </New>
        </Set>
      </New>
    </Arg>
  </New>
</Configure>
