<?xml version="1.0" encoding="UTF-8"?>
<!DOCTYPE mapper PUBLIC "-//mybatis.org//DTD Mapper 3.0//EN" 
"http://mybatis.org/dtd/mybatis-3-mapper.dtd">

<mapper namespace="org.podcastpedia.admin.dao.ReadDao">
	
	
	<!-- category stuff -->
	<!--    result maps     -->
	<resultMap id="allCategories" type="Category" >
	    <id column="category_id" property="categoryId"  />
	    <result column="NAME" property="name" />
	    <result column="DESCRIPTION" property="description" />
	    <result column="PARENT_CATEGORY_ID" property="parentCategoryId" />
	    <result column="PARENT_CATEGORY_NAME" property="parentCategoryName" />	     
	    <result column="NUMBER_OF_PODCASTS" property="numberOfPodcasts" />	      
	</resultMap>   

	  <select id="getAllCategories" resultMap="allCategories">
	    SELECT 
	    	category_id, 
	    	NAME, 
	    	DESCRIPTION, 
	    	PARENT_CATEGORY_ID, 
	    	PARENT_CATEGORY_NAME,
	    	NUMBER_OF_PODCASTS
	    FROM 
	    	categories
	    ORDER BY name ASC 
	  </select>	
	  
  	
  	<!-- podcasts stuff -->
		<resultMap id="podcastAttributesResultMap" type="Podcast" >
		    <id column="podcast_id" property="podcastId"  />
		    <result column="url" property="url" />
		    <result column="title" property="title" />
	    	<result column="last_episode_url" property="lastEpisodeMediaUrl" />  		    
		    <result column="rating" property="rating" />
		    <result column="availability" property="availability" />
		    <result column="number_visitors" property="numberOfVisitors" />	  
		    <result column="description" property="description" />
		    <result column="last_modified_header_field" property="lastModifiedHeaderField" />
		    <result column="last_modified_header_field_str" property="lastModifiedHeaderFieldStr" />			          
		    <result column="etag_header_field" property="etagHeaderField" />
	    	<result column="last_update" property="lastUpdate"/> 	
	    	<result column="publication_date" property="publicationDate"/>
	    	<result column="title_in_url" property="titleInUrl"/>				    	    
		</resultMap>   
	
		<resultMap id="podcastAttributesResultTagsMap" type="Podcast" >
		    <id column="podcast_id" property="podcastId"  />
		    <result column="identifier" property="identifier" />
		    <result column="url" property="url" />
		    <result column="title" property="title" />
	    	<result column="last_episode_url" property="lastEpisodeMediaUrl" />  		    
		    <result column="rating" property="rating" />
		    <result column="availability" property="availability" />
		    <result column="number_visitors" property="numberOfVisitors" />	  
		    <result column="description" property="description" />
		    <result column="last_modified_header_field" property="lastModifiedHeaderField" />
		    <result column="last_modified_header_field_str" property="lastModifiedHeaderFieldStr" />			          
		    <result column="etag_header_field" property="etagHeaderField" />
	    	<result column="last_update" property="lastUpdate"/> 	
	    	<result column="publication_date" property="publicationDate"/>
	    	<result column="title_in_url" property="titleInUrl"/>	
	    	<result column="social_twitter_page" property="twitterPage"/>	
			<collection property="tags" ofType="Tag">
				<id property="tagId" column="tag_id"/>
				<result property="name" column="tag_name"/>
				<association property="tagId" column="tag_id" javaType="PodcastTag"/>
			</collection>		    	    
		</resultMap>  
	
	  <select id="getAllPodcasts" resultMap="podcastAttributesResultMap" parameterType="String">
	    SELECT 
	    	podcast_id, 
	    	url, 
	    	rating, 
	    	number_visitors,
	    	description,
	    	media_type,
      		last_modified_header_field,
      		last_modified_header_field_str,
     		etag_header_field   	    	
	    FROM 
	    	podcasts
	  </select> 	
	  
	  <select id="getPodcastsFromRange" resultMap="podcastAttributesResultMap" parameterType="hashmap">
	    SELECT 
	    	p.podcast_id,
	    	p.url,
	    	p.last_episode_url,	    	
	    	p.etag_header_field,
	    	p.last_modified_header_field,
	    	p.last_modified_header_field_str,
	    	p.last_update,
	    	p.publication_date,
	    	p.availability 	    	
	    FROM 
	    	podcasts p
	    WHERE
	        p.availability &lt;&gt; 404
        	AND
        	p.podcast_id not in (select stu.podcast_id from special_tables_update stu where stu.podcast_id = p.podcast_id)		        
	    limit #{startRow}, #{endRow}
	  </select> 	
	  
	  <select id="getPodcastsFromRangeWithUpdateFrequency" resultMap="podcastAttributesResultMap" parameterType="hashmap">
	    SELECT 
	    	p.podcast_id,
	    	p.url,
	    	p.last_episode_url,	    	
	    	p.etag_header_field,
	    	p.last_modified_header_field,
	    	p.last_modified_header_field_str,
	    	p.last_update,
	    	p.publication_date,
	    	p.availability 		    	
	    FROM 
	    	podcasts p
	    WHERE 
	    	p.update_frequency = #{updateFrequency}
	    	AND
		    p.availability &lt;&gt; 404
	        AND
	        p.podcast_id not in (select stu.podcast_id from special_tables_update stu where stu.podcast_id = p.podcast_id)		    
	    limit #{startRow}, #{endRow}
	  </select> 	 
	  
	  <select id="getPodcastForUpdateById" resultMap="podcastAttributesResultMap" parameterType="Integer">
	    SELECT 
	    	p.podcast_id,
	    	p.url,
	    	p.title,
	    	p.last_episode_url,	    	
	    	p.etag_header_field,
	    	p.last_modified_header_field,
	    	p.last_modified_header_field_str,
	    	p.last_update,
	    	p.publication_date,
	    	p.availability 		    	
	    FROM 
	    	podcasts p
	    WHERE 
	    	p.podcast_id = #{value}
	  </select> 	   
	  
	  <select id="getPodcastAttributesByFeedUrl" resultMap="podcastAttributesResultTagsMap" parameterType="String">
	    SELECT 
	    	p.podcast_id, 
	    	p.identifier,
	    	p.url, 
	    	p.rating, 
	    	p.number_visitors,
	    	p.description,
	    	p.media_type,
      		p.last_modified_header_field,
      		p.last_modified_header_field_str,
     		p.etag_header_field,
     		p.title_in_url,
     		p.title,
     		p.social_twitter_page,
	      	t.tag_id,
	        t.name as tag_name     		  	    	
	    FROM 
	    	podcasts p
	    	LEFT OUTER JOIN podcasts_tags pt ON p.podcast_id = pt.podcast_id
	    	LEFT OUTER JOIN tags t ON pt.tag_id = t.tag_id 
	    WHERE 
	    	p.url = #{value}
	    	
	  </select> 
	  	  
	  <select id="getNumberOfPodcasts" resultType="Integer">
		   SELECT 
				count(*)	    	
		    FROM 
		    	podcasts
		    WHERE 
		    	availability &lt;&gt; 404
	  </select> 	    
	  
  	  <select id="getNumberOfPodcastsWithUpdateFrequency" parameterType="Integer" resultType="Integer">
	   SELECT 
			count(*)	    	
	    FROM 
	    	podcasts
	    WHERE
	    	update_frequency = #{value}
	        AND
	        availability &lt;&gt; 404
	        AND
	        podcast_id not in (select stu.podcast_id from special_tables_update stu where stu.podcast_id = podcast_id)
	  </select> 	
	  
	<!-- tags -->
	<resultMap id="TagResultMap" type="Tag" >
	    <id column="tag_id" property="tagId"  />
	    <result column="name" property="name" />	  
	</resultMap>   		
 	  <select id="getTagByName" resultMap="TagResultMap" parameterType="String">
	    SELECT 
	    	tag_id,
	    	name  	    	
	    FROM 
	    	tags
	    WHERE
	    	name = #{value}
	  </select> 
	  
	<resultMap id="podcastAndEpisodesResultMap" type="Podcast" >
	    <id column="podcast_id" property="podcastId"  />
	    <result column="identifier" property="identifier" />
	    <result column="url" property="url" />
	    <result column="rating" property="rating" />
	    <result column="number_visitors" property="numberOfVisitors" />
	    <result column="language_code" property="languageCode" />
	    <result column="podcast_description" property="description" />
	    <result column="podcast_title" property="title" />
	    <result column="podcast_image_url" property="urlOfImageToDisplay" />	 
	    <result column="podcast_link" property="link" /> 	
	    <result column="podcast_media_type" property="mediaType"/>     	
	    <result column="last_episode_url" property="lastEpisodeMediaUrl" />    
	    <result column="podcast_title_in_url" property="titleInUrl" />
	    <result column="etag_header_field" property="etagHeaderField" />
	    <result column="last_modified_header_field" property="lastModifiedHeaderField" />
	    <result column="last_modified_header_field_str" property="lastModifiedHeaderFieldStr" />
	    <result column="update_frequency" property="updateFrequency"/>   
	    <result column="last_update" property="lastUpdate"/>   	
	    <result column="publication_date" property="publicationDate"/>            
		<collection property="episodes" ofType="Episode">
			<result property="description" column="episode_description"/>
			<result property="podcastId" column="podcast_id"/>
			<result property="link" column="episode_link"/>
			<result property="mediaUrl" column="episode_media_url"/>
			<result property="mediaType" column="episode_media_type"/>
			<result property="title" column="episode_title"/>
			<result property="episodeId" column="episode_id"/>
			<result column="episode_pub_date" property="publicationDate" />  
			<result column="episode_title_in_url" property="titleInUrl" />
			<association property="podcastId" column="podcast_id" javaType="Podcast"/>
		</collection>			
	</resultMap>	
  <select id="getPodcastAndEpisodesById" parameterType="Integer" resultMap="podcastAndEpisodesResultMap" useCache="false">
    SELECT
    	p.podcast_id,
    	p.url,
    	p.rating,
    	p.number_visitors,
    	p.language_code,
    	p.description as podcast_description,
    	p.podcast_image_url,
    	p.title as podcast_title,
    	p.podcast_link,
    	p.media_type as podcast_media_type,
    	p.last_episode_url,
    	p.title_in_url as podcast_title_in_url,
    	p.etag_header_field,
    	p.last_modified_header_field,
    	p.last_modified_header_field_str,
    	p.update_frequency,
    	p.last_update,
        e.description as episode_description,
        e.link as episode_link,
        e.media_url as episode_media_url,
        e.media_type as episode_media_type, 
      	e.title as episode_title,
      	e.episode_id,
      	e.publication_date as episode_pub_date,
      	e.title_in_url as episode_title_in_url
   	FROM podcasts p
       LEFT OUTER JOIN episodes e ON p.podcast_id = e.podcast_id    	
    WHERE
      p.availability = 200
      AND
      p.podcast_id = #{value}
      AND
      e.availability = 200       
    ORDER BY
    	e.publication_date DESC;      
  </select>
  <select id="getPodcastAndEpisodesByURL" parameterType="String" resultMap="podcastAndEpisodesResultMap" useCache="false">
    SELECT
    	p.podcast_id,
    	p.url,
    	p.rating,
    	p.number_visitors,
    	p.language_code,
    	p.description as podcast_description,
    	p.podcast_image_url,
    	p.title as podcast_title,
    	p.podcast_link,
    	p.media_type as podcast_media_type,
    	p.last_episode_url,
    	p.title_in_url as podcast_title_in_url,
    	p.etag_header_field,
    	p.last_modified_header_field,
    	p.last_modified_header_field_str,    	
        e.description as episode_description,
        e.link as episode_link,
        e.media_url as episode_media_url,
        e.media_type as episode_media_type,
      	e.title as episode_title,
      	e.episode_id,
      	e.title_in_url as episode_title_in_url,
      	t.tag_id,
        t.name as tag_name      	
   	FROM podcasts p
       LEFT OUTER JOIN episodes e ON p.podcast_id = e.podcast_id
    WHERE
      p.availability = 200
      AND 
      p.url = #{value}
      AND
      e.availability = 200      
    ORDER BY
    	e.publication_date DESC;      
  </select> 	   	
  		  
	<select id="getMaxEpisodeIdForPodcast" resultType="Integer" parameterType="Integer" useCache="false">
		select 
			max(episode_id) 
		from 
			episodes
		where podcast_id = #{value}
	</select> 
	
	  <select id="getPodcastIdForFeedUrl" parameterType="String" resultType="Integer" useCache="false">
	    SELECT 
	    	podcast_id
	    FROM 
	    	podcasts
	    WHERE
	    	url=#{value} 
	  </select>		
	  
	<resultMap id="episodeResultMap" type="Episode" >
	    <id column="podcast_id" property="podcastId"  />
	    <id column="episode_id" property="episodeId"  />	    
		<result property="mediaUrl" column="episode_media_url"/>
		<result property="title" column="episode_title"/>
		<result column="episode_pub_date" property="publicationDate" />  	
	</resultMap>	
	<select id="getAvailableEpisodesFromDB" parameterType="Integer" resultMap="episodeResultMap">
	  SELECT
		e.podcast_id,
		e.episode_id,
		e.title as episode_title,
        e.media_url as episode_media_url,		
	    e.publication_date as episode_pub_date
	  FROM 
	  	episodes e 	
	  WHERE
	    e.podcast_id = #{value}
	    AND
	    e.availability = 200 
	  ORDER BY
	  	e.publication_date DESC; 
	</select>  	  

  <select id="getPodcastsAndEpisodeWithUpdateFrequency" parameterType="org.podcastpedia.common.types.UpdateFrequencyType" resultMap="podcastAndEpisodesResultMap">
    SELECT
    	p.podcast_id,
    	p.identifier,
    	p.title_in_url as podcast_title_in_url,
    	p.publication_date,
      	e.episode_id,
      	e.publication_date as episode_pub_date,
      	e.title_in_url as episode_title_in_url
   	FROM podcasts p
       LEFT OUTER JOIN episodes e ON p.podcast_id = e.podcast_id    	
    WHERE
      p.availability = 200
      AND
      e.availability = 200
      AND
      p.update_frequency = #{updateFrequency}   
    ORDER BY
    	e.publication_date DESC;      
  </select>
  	  
	<!-- ********* ATTENTION ********* 
		DUPLICATE CODE with main project except with the fact that no availability for podcast is considered and the use of cache
	-->
	<resultMap id="podcastResultMap" type="Podcast" >
	    <id column="podcast_id" property="podcastId"  />
	    <result column="url" property="url" />
	    <result column="podcast_rating" property="rating" />
	    <result column="podcast_number_ratings" property="numberRatings" />
	    <result column="number_visitors" property="numberOfVisitors" />
	    <result column="language_code" property="languageCode" />
	    <result column="podcast_description" property="description" />
	    <result column="podcast_title" property="title" />
	    <result column="podcast_image_url" property="urlOfImageToDisplay" />	 
	    <result column="podcast_link" property="link" /> 	
	    <result column="copyright" property="copyright" /> 	
	    <result column="podcast_media_type" property="mediaType" />     	
	    <result column="last_episode_url" property="lastEpisodeMediaUrl" />    
	    <result column="podcast_title_in_url" property="titleInUrl" />
	    <result column="etag_header_field" property="etagHeaderField" />
	    <result column="last_modified_header_field" property="lastModifiedHeaderField" />
	    <result column="last_modified_header_field_str" property="lastModifiedHeaderFieldStr" />  
	    <result column="publication_date" property="publicationDate"/>
	    <result column="update_frequency" property="updateFrequency"/>
	    <result column="author" property="author"/>       
		<collection property="categories" ofType="Category">
			<id property="categoryId" column="category_id"/>
			<result property="name" column="category_name"/>
			<result property="description" column="category_descrption"/>
			<association property="categoryId" column="category_id" javaType="PodcastCategory"/>
		</collection>
		<collection property="episodes" ofType="Episode">
			<result property="description" column="episode_description"/>
			<result property="podcastId" column="podcast_id"/>
			<result property="link" column="episode_link"/>
			<result property="mediaUrl" column="episode_media_url"/>
			<result property="mediaType" column="episode_media_type"/>
			<result property="title" column="episode_title"/>
			<result property="episodeId" column="episode_id"/>
			<result column="episode_pub_date" property="publicationDate" />  
			<result column="episode_title_in_url" property="titleInUrl" />
			<result column="episode_rating" property="rating" />
			<result column="episode_number_ratings" property="numberRatings" />
			<association property="podcastId" column="podcast_id" javaType="Podcast"/>
		</collection>	
		<collection property="tags" ofType="Tag">
			<id property="tagId" column="tag_id"/>
			<result property="name" column="tag_name"/>
			<association property="tagId" column="tag_id" javaType="PodcastTag"/>
		</collection>			
	</resultMap>	
	  <select id="getPodcastById" parameterType="Integer" resultMap="podcastResultMap" useCache="false">
	    SELECT
	    	p.podcast_id,
	    	p.url,
	    	p.rating as podcast_rating,
	    	p.number_ratings as podcast_number_ratings,
	    	p.number_visitors,
	    	p.language_code,
	    	p.description as podcast_description,
	    	p.podcast_image_url,
	    	p.title as podcast_title,
	    	p.podcast_link,
	    	p.copyright,
	    	p.author,
	    	p.media_type as podcast_media_type,
	    	p.last_episode_url,
	    	p.title_in_url as podcast_title_in_url,
	    	p.etag_header_field,
	    	p.last_modified_header_field,
	    	p.last_modified_header_field_str,
	    	p.last_update,
	    	p.update_frequency,
	      	c.category_id,
	      	c.name as category_name,
	     	c.description as category_descrption,
	      	t.tag_id,
	        t.name as tag_name	    	
	   	FROM 
	   	   podcasts p
	   	   LEFT OUTER JOIN podcasts_categories pc ON p.podcast_id = pc.podcast_id
	   	   LEFT OUTER JOIN podcasts_tags pt ON p.podcast_id = pt.podcast_id
	       LEFT OUTER JOIN categories c ON pc.category_id= c.category_id 
	       LEFT OUTER JOIN tags t ON pt.tag_id = t.tag_id    	   		 	
	    WHERE
	      p.podcast_id = #{value}
	  </select>
	  <select id="getPodcastByURL" parameterType="String" resultMap="podcastResultMap" useCache="false">
	    SELECT
	    	p.podcast_id,
	    	p.url,
	    	p.rating as podcast_rating,
	    	p.number_ratings as podcast_number_ratings,
	    	p.number_visitors,
	    	p.language_code,
	    	p.description as podcast_description,
	    	p.podcast_image_url,
	    	p.title as podcast_title,
	    	p.podcast_link,
	    	p.copyright,    	
	    	p.media_type as podcast_media_type,
	    	p.last_episode_url,
	    	p.title_in_url as podcast_title_in_url,
	    	p.etag_header_field,
	    	p.last_modified_header_field,
	    	p.last_modified_header_field_str,
	    	p.publication_date,
	    	p.update_frequency,
	      	c.category_id,
	      	c.name as category_name,
	     	c.description as category_descrption,
	        e.description as episode_description,
	        e.link as episode_link,
	        e.media_url as episode_media_url,
	        e.media_type as episode_media_type, 
	      	e.title as episode_title,
	      	e.episode_id,
	      	e.publication_date as episode_pub_date,
	      	e.title_in_url as episode_title_in_url,
	      	e.rating as episode_rating,
	      	e.number_ratings as episode_number_ratings,
	      	t.tag_id,
	        t.name as tag_name
	   	FROM podcasts p
	   	   LEFT OUTER JOIN podcasts_categories pc ON p.podcast_id = pc.podcast_id
	   	   LEFT OUTER JOIN podcasts_tags pt ON p.podcast_id = pt.podcast_id
	       LEFT OUTER JOIN episodes e ON p.podcast_id = e.podcast_id
	       LEFT OUTER JOIN categories c ON pc.category_id= c.category_id 
	       LEFT OUTER JOIN tags t ON pt.tag_id = t.tag_id    
	    WHERE
	      p.url = #{value}
	   	  AND
	      e.availability = 200         
	    ORDER BY
	      e.publication_date DESC;
	  </select> 	  
	    		  
</mapper>