<?xml version="1.0"?>
<!DOCTYPE Configure PUBLIC "-//Jetty//Configure//EN" "http://www.eclipse.org/jetty/configure.dtd">
 	
 	<!-- =============================================================== -->
 	<!-- Configure the Jetty Server -->
 	<!-- -->
 	<!-- Documentation of this file format can be found at: -->
 	<!-- http://wiki.eclipse.org/Jetty/Reference/jetty.xml_syntax -->
 	<!-- -->
 	<!-- Additional configuration files are available in $JETTY_HOME/etc -->
 	<!-- and can be mixed in. For example: -->
 	<!-- java -jar start.jar etc/jetty-ssl.xml -->
 	<!-- -->
 	<!-- See start.ini file for the default configuraton files -->
 	<!-- =============================================================== -->
 	
 	
<Configure id="Server" class="org.eclipse.jetty.server.Server">
 	
 	<!-- =========================================================== -->
 	<!-- Server Thread Pool -->
 	<!-- =========================================================== -->
 	<Set name="ThreadPool">
 	<!-- Default queued blocking threadpool -->
 	<New class="org.eclipse.jetty.util.thread.QueuedThreadPool">
 	<Set name="minThreads">10</Set>
 	<Set name="maxThreads">200</Set>
 	<Set name="detailedDump">false</Set>
 	</New>
 	</Set>
 	
 	<!-- =========================================================== -->
 	<!-- Set connectors -->
 	<!-- =========================================================== -->
 	
 	<Call name="addConnector">
 	<Arg>
 	<New class="org.eclipse.jetty.server.nio.SelectChannelConnector">
 	<Set name="host"><Property name="jetty.host" /></Set>
 	<Set name="port"><Property name="jetty.port" default="8080"/></Set>
 	<Set name="maxIdleTime">300000</Set>
 	<Set name="Acceptors">2</Set>
 	<Set name="statsOn">false</Set>
 	<Set name="confidentialPort">8443</Set>
 	<Set name="lowResourcesConnections">20000</Set>
 	<Set name="lowResourcesMaxIdleTime">5000</Set>
 	</New>
 	</Arg>
 	</Call>
 	
 	<!-- =========================================================== -->
 	<!-- Set handler Collection Structure -->
 	<!-- =========================================================== -->
 	<Set name="handler">
 	<New id="Handlers" class="org.eclipse.jetty.server.handler.HandlerCollection">
 	<Set name="handlers">
 	<Array type="org.eclipse.jetty.server.Handler">
 	<Item>
 	<New id="Contexts" class="org.eclipse.jetty.server.handler.ContextHandlerCollection"/>
 	</Item>
 	<Item>
 	<New id="DefaultHandler" class="org.eclipse.jetty.server.handler.DefaultHandler"/>
 	</Item>
 	</Array>
 	</Set>
 	</New>
 	</Set>
 	
 	<!-- =========================================================== -->
 	<!-- extra options -->
 	<!-- =========================================================== -->
 	<Set name="stopAtShutdown">true</Set>
 	<Set name="sendServerVersion">true</Set>
 	<Set name="sendDateHeader">true</Set>
 	<Set name="gracefulShutdown">1000</Set>
 	<Set name="dumpAfterStart">false</Set>
 	<Set name="dumpBeforeStop">false</Set>
 	
 	<!-- =========================================================== -->
	<!-- Global JNDI Context -->
	<!-- =========================================================== -->
 	 <Call name="setAttribute">
      <Arg>org.eclipse.jetty.webapp.configuration</Arg>
      <Arg>
          <Array type="java.lang.String">
              <Item>org.eclipse.jetty.webapp.WebInfConfiguration</Item>
              <Item>org.eclipse.jetty.webapp.WebXmlConfiguration</Item>
              <Item>org.eclipse.jetty.webapp.MetaInfConfiguration</Item>
              <Item>org.eclipse.jetty.webapp.FragmentConfiguration</Item>
              <Item>org.eclipse.jetty.plus.webapp.EnvConfiguration</Item>
              <Item>org.eclipse.jetty.plus.webapp.PlusConfiguration</Item>
              <Item>org.eclipse.jetty.webapp.JettyWebXmlConfiguration</Item>
              <Item>org.eclipse.jetty.webapp.TagLibConfiguration</Item>
          </Array>
      </Arg>
    </Call>
 	
 	
 	<!-- =========================================================== -->
	<!-- Oracle Datasources -->
	<!-- =========================================================== -->
	
	<New id="DSWizard1" class="org.eclipse.jetty.plus.jndi.Resource">
		<Arg></Arg>
		<Arg>jdbc/wizdb1RWDS</Arg>
		<Arg>
			<New class="oracle.jdbc.pool.OracleConnectionPoolDataSource">
				<Set name="URL">jdbc:oracle:thin:@10.32.6.2:1521:wizprod1</Set>
				<Set name="User">prod01</Set>
				<Set name="Password">test1d01</Set>
			</New>
		</Arg>
	</New>
	<New id="DSWizard2" class="org.eclipse.jetty.plus.jndi.Resource">
		<Arg></Arg>
		<Arg>jdbc/wizdb2RWDS</Arg>
		<Arg>
			<New class="oracle.jdbc.pool.OracleConnectionPoolDataSource">
				<Set name="URL">jdbc:oracle:thin:@10.32.6.2:1521:wizprod1</Set>
				<Set name="User">prod02</Set>
				<Set name="Password">test1d02</Set>
			</New>
		</Arg>
	</New>
	<New id="DSWizard3" class="org.eclipse.jetty.plus.jndi.Resource">
		<Arg></Arg>
		<Arg>jdbc/wizdb3RWDS</Arg>
		<Arg>
			<New class="oracle.jdbc.pool.OracleConnectionPoolDataSource">
				<Set name="URL">jdbc:oracle:thin:@10.32.6.7:1524:wizprod2</Set>
				<Set name="User">prod03</Set>
				<Set name="Password">test2d03</Set>
			</New>
		</Arg>
	</New>
	<New id="DSWizard4" class="org.eclipse.jetty.plus.jndi.Resource">
		<Arg></Arg>
		<Arg>jdbc/wizdb4RWDS</Arg>
		<Arg>
			<New class="oracle.jdbc.pool.OracleConnectionPoolDataSource">
				<Set name="URL">jdbc:oracle:thin:@10.32.6.2:1521:wizprod1</Set>
				<Set name="User">prod04</Set>
				<Set name="Password">test1d04</Set>
			</New>
		</Arg>
	</New>
	<New id="DSWizard7" class="org.eclipse.jetty.plus.jndi.Resource">
		<Arg></Arg>
		<Arg>jdbc/wizdb7RWDS</Arg>
		<Arg>
			<New class="oracle.jdbc.pool.OracleConnectionPoolDataSource">
				<Set name="URL">jdbc:oracle:thin:@10.32.6.7:1524:wizprod2</Set>
				<Set name="User">prod07</Set>
				<Set name="Password">test2d07</Set>
			</New>
		</Arg>
	</New>
	<New id="DSWizard9" class="org.eclipse.jetty.plus.jndi.Resource">
		<Arg></Arg>
		<Arg>jdbc/wizdb9RWDS</Arg>
		<Arg>
			<New class="oracle.jdbc.pool.OracleConnectionPoolDataSource">
				<Set name="URL">jdbc:oracle:thin:@10.32.6.7:1524:wizprod2</Set>
				<Set name="User">prod09</Set>
				<Set name="Password">test2d09</Set>
			</New>
		</Arg>
	</New>
</Configure> 