<?xml version="1.0" encoding="UTF-8"?>
<!--
	Application context definition for PetClinic Datasource.
-->
<beans xmlns="http://www.springframework.org/schema/beans" xmlns:xsi="http://www.w3.org/2001/XMLSchema-instance"
		xmlns:p="http://www.springframework.org/schema/p"
		xmlns:context="http://www.springframework.org/schema/context"
		xmlns:jdbc="http://www.springframework.org/schema/jdbc"
		xsi:schemaLocation="
			http://www.springframework.org/schema/beans http://www.springframework.org/schema/beans/spring-beans.xsd
			http://www.springframework.org/schema/context http://www.springframework.org/schema/context/spring-context.xsd
			http://www.springframework.org/schema/jdbc http://www.springframework.org/schema/jdbc/spring-jdbc.xsd">

  	<!-- ========================= DATASOURCE DEFINITION via JNDI ========================= -->
	 	 <!-- When resourceRef is true, the value of jndiName will be prepended with
	server’s JNDI directory. Consequently, the actual name used will be
	java:comp/env/jdbc/pcmDB.  -->
	<bean id="dataSource" class="org.springframework.jndi.JndiObjectFactoryBean" scope="singleton">
		<property name="jndiName" value="java:comp/env/jdbc/podcast_db" />
		<property name="resourceRef" value="true" />
	</bean>

	<bean id="configDataSource" class="org.springframework.jndi.JndiObjectFactoryBean" scope="singleton">
		<property name="jndiName" value="java:comp/env/jdbc/podcast_db" />
		<property name="resourceRef" value="true" />
	</bean>

</beans>
