<?xml version="1.0" encoding="UTF-8" ?>

<!DOCTYPE tiles-definitions PUBLIC "-//Apache Software Foundation//DTD Tiles Configuration 3.0//EN" "http://tiles.apache.org/dtds/tiles-config_3_0.dtd">

<tiles-definitions>
	<definition name="m_startPage_def" extends="defaultTemplate_m">
		<put-attribute name="title" value="Podcastpedia" />
    	<put-attribute name="page_description" value="Dokształć się poprzez wybrane dla Ciebie podcasty z różnych witryn takich jak nauka, technologia, edukacja, medycyna, ludzie, środowisko, duchowość i wiele innych ..."/>
		<put-attribute name="content" value="/WEB-INF/jsp/start/start_page.jsp"/>
    	<put-attribute name="og_title" value="Podcastpedia"/>
 	    <put-attribute name="og_desc" value="Dokształć się poprzez wybrane dla Ciebie podcasty z różnych witryn takich jak nauka, technologia, edukacja, medycyna, ludzie, środowisko, duchowość i wiele innych ..."/>
 	    <put-attribute name="og_image" value="http://www.podcastpedia.org/static/images/fb_share.png"/>
	</definition>
</tiles-definitions>
