<?xml version="1.0" encoding="UTF-8" ?>

<!DOCTYPE tiles-definitions PUBLIC "-//Apache Software Foundation//DTD Tiles Configuration 3.0//EN" "http://tiles.apache.org/dtds/tiles-config_3_0.dtd">

<tiles-definitions>

	<definition name="m_startPage_def" extends="defaultTemplate_m">
		<put-attribute name="title" value="Podcastpedia, Wissen zum Mitnehmen" />
    	<put-attribute name="page_description" value="Informieren Sie sich - ausgewählte Podcasts zu verschiedenen Themen wie Wissenschaft, Technologie, Bildung, Medizin, Mensch, Umwelt und vieles mehr ..."/>
		<put-attribute name="content" value="/WEB-INF/jsp/start/start_page.jsp"/>
    	<put-attribute name="og_title" value="Podcastpedia, Wissen zum Mitnehmen"/>
 	    <put-attribute name="og_desc" value="Informieren Sie sich - ausgewählte Podcasts zu verschiedenen Themen wie Wissenschaft, Technologie, Bildung, Medizin, Mensch, Umwelt und vieles mehr ..."/>
 	    <put-attribute name="og_image" value="http://www.podcastpedia.org/static/images/fb_share.png"/>
	</definition>

    <!-- disclaimer -->
    <definition name="disclaimer_def" extends="defaultTemplate_m">
    	<put-attribute name="title" value="Podcastpedia, Impressum"/>
		<put-attribute name="page_description" value="Podcastpedia.org - Impressum"/>
		<put-attribute name="body-id" value="disclaimer" />
    	<put-attribute name="content" value="/WEB-INF/jsp/footer_pages/impressum.jsp"/>
    	<put-attribute name="og_title" value="Podcastpedia, Impressum"/>
 	    <put-attribute name="og_desc" value="Podcastpedia.org - make the world a better educated place"/>
 	    <put-attribute name="og_image" value="http://www.podcastpedia.org/static/images/fb_share.png"/>
    </definition>
</tiles-definitions>
