<?xml version="1.0" encoding="UTF-8" ?>

<!DOCTYPE tiles-definitions PUBLIC "-//Apache Software Foundation//DTD Tiles Configuration 3.0//EN" "http://tiles.apache.org/dtds/tiles-config_3_0.dtd">

<tiles-definitions>

	<definition name="m_startPage_def" extends="defaultTemplate_m">
		<put-attribute name="title" value="Podcastpedia, știință to go" />
    	<put-attribute name="page_description" value="Educă-te singur! Podcast-uri selectate din diferite domenii, cum ar fi stiinta, tehnologie, educație, medicină, oameni, mediu, spiritualitate și mult mai multe..."/>
		<put-attribute name="content" value="/WEB-INF/jsp/start/start_page.jsp"/>
    	<put-attribute name="og_title" value="Podcastpedia, știință to go"/>
 	    <put-attribute name="og_desc" value="Educă-te singur! Podcast-uri selectate din diferite domenii, cum ar fi stiinta, tehnologie, educație, medicină, oameni, mediu, spiritualitate și mult mai multe..."/>
 	    <put-attribute name="og_image" value="http://www.podcastpedia.org/static/images/fb_share.png"/>
	</definition>

    <!-- podcasting -->
	<definition name="about_podcasting_tiles_def" extends="defaultTemplate_m">
		<put-attribute name="title" value="Despre podcasting" />
		<put-attribute name="page_description" value="Podcastpedia - Despre podcasting"/>
		<put-attribute name="body-id" value="podcasting" />
		<put-attribute name="content" value="/WEB-INF/jsp/podcasting/about_podcasting_ro.jsp"/>
	</definition>

</tiles-definitions>
