<assembly xmlns="http://maven.apache.org/plugins/maven-assembly-plugin/assembly/1.1.3"
          xmlns:xsi="http://www.w3.org/2001/XMLSchema-instance"
          xsi:schemaLocation="http://maven.apache.org/plugins/maven-assembly-plugin/assembly/1.1.3 http://maven.apache.org/xsd/assembly-1.1.3.xsd">

    <id>test</id>

    <formats>
        <format>tar.gz</format>
        <format>zip</format>
    </formats>

    <includeBaseDirectory>false</includeBaseDirectory>

    <fileSets>
        <fileSet>
            <directory>src/main/resources/releases/v1.0.0</directory>
            <outputDirectory>sql-scripts</outputDirectory>
            <includes>
                <include>*.sql</include>
            </includes>
        </fileSet>
    </fileSets>

</assembly>
