<ehcache
	xsi:noNamespaceSchemaLocation="ehcache.xsd"
	updateCheck="true"
	monitoring="autodetect"
	dynamicConfig="true"
	maxBytesLocalHeap="250M">

	<diskStore path="java.io.tmpdir"/>

	<cache name="searchResults"
    maxBytesLocalHeap="100M"
    eternal="false"
    timeToIdleSeconds="300"
    memoryStoreEvictionPolicy="LRU">
    <persistence strategy="none"/>
	</cache>

	<cache name="podcasts"
    maxBytesLocalHeap="40M"
    eternal="false"
    timeToIdleSeconds="300"
    diskExpiryThreadIntervalSeconds="120"
    memoryStoreEvictionPolicy="LRU">
    <persistence strategy="none"/>
  </cache>

  <cache name="users"
         maxBytesLocalHeap="100M"
         eternal="false"
         timeToIdleSeconds="300"
         diskExpiryThreadIntervalSeconds="120"
         memoryStoreEvictionPolicy="LRU">
    <persistence strategy="none"/>
  </cache>

	<cache name="referenceData"
    maxBytesLocalHeap="5M"
    eternal="true"
    memoryStoreEvictionPolicy="LRU">
    <pinning store="localMemory"/>
    <persistence strategy="none"/>
	 </cache>

	<cache name="newestAndRecommendedPodcasts"
    maxBytesLocalHeap="3M"
    eternal="true"
    memoryStoreEvictionPolicy="LRU">
    <pinning store="localMemory"/>
    <persistence strategy="none"/>
	</cache>

	<cache name="randomAndTopRatedPodcasts"
    maxBytesLocalHeap="1M"
    timeToLiveSeconds="300"
    memoryStoreEvictionPolicy="LRU">
    <persistence strategy="none"/>
	 </cache>

</ehcache>
